2025-11-11_13-21-00,None,draft.py:2025-11-11_13-21-00
2025-11-14_12-18-59,None,draft.py:2025-11-14_12-18-59
2025-11-14_12-52-09,None,draft.py:2025-11-14_12-52-09
2025-11-14_12-52-17,None,draft.py:2025-11-14_12-52-09
2025-11-14_12-52-19,None,draft.py:2025-11-14_12-52-09
2025-11-14_12-52-21,None,draft.py:2025-11-14_12-52-09
2025-11-14_12-52-21,None,draft.py:2025-11-14_12-52-09
2025-11-14_12-52-21,None,draft.py:2025-11-14_12-52-09
2025-11-14_12-52-22,None,draft.py:2025-11-14_12-52-09
2025-11-14_12-52-22,None,draft.py:2025-11-14_12-52-09
2025-11-14_12-52-28,None,draft.py:2025-11-14_12-52-09
2025-11-14_12-52-33,None,draft.py:2025-11-14_12-52-09
2025-11-14_19-10-26,None,draft.py:2025-11-14_19-10-26
2025-11-14_19-49-49,None,draft.py:2025-11-14_19-49-49
2025-11-14_20-31-25,None,draft.py:2025-11-14_20-31-25
2025-11-14_20-31-33,None,draft.py:2025-11-14_20-31-25
