2025-11-06_13-48-25,None,draft.py:2025-11-06_13-48-25
2025-11-06_13-48-29,None,draft.py:2025-11-06_13-48-25
2025-11-06_13-56-34,None,draft.py:2025-11-06_13-56-34
2025-11-08_13-39-04,None,draft.py:2025-11-08_13-39-04
2025-11-09_14-17-29,None,draft.py:2025-11-09_14-17-29
2025-11-09_15-14-58,None,draft.py:2025-11-09_15-14-58
2025-11-09_15-15-15,None,draft.py:2025-11-09_15-15-15
2025-11-10_12-03-22,None,draft.py:2025-11-10_12-03-22
2025-11-10_12-03-24,None,draft.py:2025-11-10_12-03-22
2025-11-10_12-03-42,None,draft.py:2025-11-10_12-03-22
2025-11-11_13-10-40,None,draft.py:2025-11-11_13-10-40
2025-11-11_13-20-05,None,draft.py:2025-11-11_13-20-05
2025-11-12_01-13-34,None,draft.py:2025-11-12_01-13-34
2025-11-12_01-14-26,None,draft.py:2025-11-12_01-14-26
